receiver_player_name,catch_pct,targets,receptions,pass_touchdown_mean,air_yards_max,air_yards_min,avg_airyds,air_yards_std,yards_after_catch_max,yards_after_catch_min,average_yac,yards_after_catch_std,explosive_yac_pct,mid_yac_pct,short_yac_pct,shortyac_std,screen_pct,screen_std,shortrt_pct,intermediatert_pct,deeprt_pct,deepshots_mean,deepshots_std
A.Brown,0.6153846153846154,91,56.0,0.16071428571428573,47.0,-3.0,11.339285714285714,10.598930967901323,52.0,-2.0,8.428571428571429,13.215496610016238,0.10714285714285714,0.17857142857142858,0.7142857142857143,0.45584230583855173,0.03571428571428571,0.18725633517970777,0.48214285714285715,0.4107142857142857,0.125,0.05357142857142857,0.227207782928703
A.Cooper,0.6638655462184874,119,79.0,0.10126582278481013,45.0,-15.0,11.531645569620252,8.631836484986136,68.0,-1.0,3.518987341772152,8.682225815723886,0.02531645569620253,0.08860759493670886,0.8860759493670886,0.3197491714129678,0.012658227848101266,0.1125087900926024,0.5189873417721519,0.3670886075949367,0.12658227848101267,0.012658227848101266,0.1125087900926024
A.Ekeler,0.8518518518518519,108,92.0,0.08695652173913043,36.0,-7.0,0.5760869565217391,6.866439638636371,85.0,0.0,10.217391304347826,11.377465762895426,0.05434782608695652,0.3804347826086957,0.5652173913043478,0.4984447862792268,0.43478260869565216,0.4984447862792269,0.5108695652173914,0.03260869565217391,0.03260869565217391,0.0,0.0
A.Erickson,0.5512820512820513,78,43.0,0.0,40.0,-5.0,6.046511627906977,7.444887950073345,32.0,0.0,6.255813953488372,6.736867377335009,0.023255813953488372,0.2558139534883721,0.7209302325581395,0.4538502687508102,0.046511627906976744,0.21308263231644634,0.813953488372093,0.2558139534883721,0.023255813953488372,0.023255813953488372,0.15249857033260464
A.Hooper,0.7653061224489796,98,75.0,0.08,27.0,-6.0,6.026666666666666,6.495265080692894,39.0,0.0,4.466666666666667,5.534494613840601,0.013333333333333334,0.10666666666666667,0.88,0.3271498540837624,0.10666666666666667,0.3107677212591046,0.6666666666666666,0.24,0.02666666666666667,0.0,0.0
A.Humphries,0.7708333333333334,48,37.0,0.05405405405405406,22.0,-5.0,6.864864864864865,5.921533970565783,11.0,0.0,3.2432432432432434,3.112746245550573,0.0,0.05405405405405406,0.9459459459459459,0.22924343513512566,0.08108108108108109,0.2767247306920301,0.7297297297297297,0.16216216216216217,0.05405405405405406,0.0,0.0
A.Hurns,0.6666666666666666,48,32.0,0.0625,23.0,-9.0,9.375,7.447666878659643,24.0,0.0,3.625,4.8176423091959455,0.03125,0.0625,0.90625,0.29614458108029906,0.09375,0.29614458108029906,0.46875,0.40625,0.0625,0.0,0.0
A.Jeffery,0.581081081081081,74,43.0,0.09302325581395349,33.0,-3.0,8.813953488372093,7.865705592887114,10.0,-4.0,2.5813953488372094,3.274959528208925,0.0,0.046511627906976744,0.9534883720930233,0.21308263231644636,0.13953488372093023,0.35060460356342593,0.3953488372093023,0.4186046511627907,0.046511627906976744,0.0,0.0
A.Jones,0.7205882352941176,68,49.0,0.061224489795918366,30.0,-9.0,0.8367346938775511,7.467560229573841,70.0,-1.0,8.83673469387755,11.021469462628215,0.04081632653061224,0.3469387755102041,0.6122448979591837,0.49228745543179353,0.46938775510204084,0.5042337758225565,0.46938775510204084,0.0,0.061224489795918366,0.0,0.0
A.Kamara,0.8350515463917526,97,81.0,0.012345679012345678,9.0,-8.0,-0.20987654320987653,4.155466428040046,35.0,0.0,6.790123456790123,7.526147835019448,0.04938271604938271,0.2345679012345679,0.7160493827160493,0.45372259975767587,0.4074074074074074,0.49441323247304425,0.5925925925925926,0.0,0.0,0.0,0.0
A.Lazard,0.6730769230769231,52,35.0,0.08571428571428572,41.0,-2.0,9.885714285714286,11.089930325382968,12.0,0.0,3.742857142857143,3.2298502710047168,0.0,0.02857142857142857,0.9714285714285714,0.1690308509457033,0.08571428571428572,0.2840286409986905,0.6285714285714286,0.2,0.14285714285714285,0.02857142857142857,0.1690308509457033
A.Miller,0.611764705882353,85,52.0,0.038461538461538464,32.0,-4.0,8.5,9.230172177775048,16.0,0.0,4.115384615384615,4.1851926005946725,0.0,0.1346153846153846,0.8653846153846154,0.34464225008403493,0.15384615384615385,0.3643213074786544,0.4807692307692308,0.25,0.1346153846153846,0.0,0.0
A.Robinson,0.6363636363636364,154,98.0,0.07142857142857142,32.0,-4.0,8.785714285714286,8.017056559379425,29.0,-2.0,2.9183673469387754,4.6009265525560785,0.01020408163265306,0.07142857142857142,0.9183673469387755,0.27521198531482943,0.11224489795918367,0.31729049622438954,0.5714285714285714,0.2755102040816326,0.08163265306122448,0.0,0.0
A.Tate,0.5063291139240507,79,40.0,0.025,33.0,-3.0,11.175,8.393793494646458,12.0,0.0,3.2,3.92362992583039,0.0,0.1,0.9,0.30382181012510007,0.075,0.2667467828369185,0.375,0.45,0.1,0.0,0.0
A.Thielen,0.625,48,30.0,0.2,27.0,-1.0,10.033333333333333,7.915429425401109,32.0,-1.0,3.9,6.47728125171303,0.03333333333333333,0.06666666666666667,0.9,0.30512857662936466,0.03333333333333333,0.18257418583505536,0.5333333333333333,0.3,0.13333333333333333,0.0,0.0
A.Wilson,0.6935483870967742,62,43.0,0.023255813953488372,20.0,-7.0,4.0,5.765248931147312,28.0,-5.0,4.162790697674419,5.450776408471503,0.023255813953488372,0.06976744186046512,0.9069767441860465,0.29390259873217905,0.23255813953488372,0.4274625743754585,0.6744186046511628,0.11627906976744186,0.0,0.0,0.0
B.Cooks,0.5753424657534246,73,42.0,0.047619047619047616,53.0,-6.0,9.857142857142858,10.72396775081674,22.0,-2.0,4.023809523809524,5.593934412087467,0.023809523809523808,0.09523809523809523,0.8809523809523809,0.3277700675615679,0.19047619047619047,0.3974366179316376,0.2857142857142857,0.5,0.09523809523809523,0.023809523809523808,0.15430334996209188
B.Perriman,0.5217391304347826,69,36.0,0.16666666666666666,43.0,-3.0,14.38888888888889,11.071914991874783,17.0,0.0,3.5277777777777777,4.109126505100644,0.0,0.08333333333333333,0.9166666666666666,0.2803059552906941,0.05555555555555555,0.2323106841457232,0.3055555555555556,0.3611111111111111,0.2777777777777778,0.027777777777777776,0.16666666666666666
C.Beasley,0.6261682242990654,107,67.0,0.08955223880597014,27.0,-2.0,6.686567164179104,5.399800656320228,24.0,0.0,4.925373134328358,5.630849639414247,0.04477611940298507,0.1044776119402985,0.8507462686567164,0.3590277841567031,0.029850746268656716,0.17145979772029105,0.7761194029850746,0.208955223880597,0.014925373134328358,0.0,0.0
C.Brate,0.6545454545454545,55,36.0,0.1111111111111111,16.0,-3.0,6.138888888888889,4.343486274396757,24.0,0.0,2.5,4.475329197787736,0.027777777777777776,0.027777777777777776,0.9444444444444444,0.2323106841457232,0.05555555555555555,0.2323106841457232,0.75,0.2222222222222222,0.0,0.0,0.0
C.Carson,0.8043478260869565,46,37.0,0.05405405405405406,13.0,-10.0,-0.7837837837837838,4.961715289959574,19.0,-7.0,7.972972972972973,5.923055173015239,0.0,0.40540540540540543,0.5945945945945946,0.497742652128334,0.4864864864864865,0.5067117097095317,0.4594594594594595,0.05405405405405406,0.0,0.0,0.0
C.Conley,0.5053763440860215,93,47.0,0.10638297872340426,35.0,0.0,11.127659574468085,7.299842229613137,47.0,-2.0,5.361702127659575,9.558573506259217,0.0425531914893617,0.10638297872340426,0.851063829787234,0.3598745798587226,0.0,0.0,0.5531914893617021,0.40425531914893614,0.06382978723404255,0.0,0.0
C.Davis,0.6231884057971014,69,43.0,0.046511627906976744,19.0,-11.0,8.372093023255815,6.440287097319696,29.0,-1.0,5.604651162790698,6.744096306731014,0.046511627906976744,0.16279069767441862,0.7906976744186046,0.41162509149327114,0.13953488372093023,0.350604603563426,0.3953488372093023,0.5348837209302325,0.0,0.0,0.0
C.Godwin,0.7049180327868853,122,86.0,0.10465116279069768,28.0,-4.0,8.790697674418604,7.899540238400722,43.0,0.0,6.709302325581396,7.810801388529436,0.05813953488372093,0.1744186046511628,0.7674418604651163,0.42494064927182096,0.1511627906976744,0.36030842541176944,0.4418604651162791,0.38372093023255816,0.06976744186046512,0.0,0.0
C.Kirk,0.6296296296296297,108,68.0,0.04411764705882353,39.0,-7.0,6.220588235294118,8.990617975929865,30.0,-1.0,4.205882352941177,5.290258080010536,0.029411764705882353,0.08823529411764706,0.8823529411764706,0.3245852354403189,0.22058823529411764,0.4177261916648387,0.5735294117647058,0.17647058823529413,0.058823529411764705,0.0,0.0
C.Kupp,0.7014925373134329,134,94.0,0.10638297872340426,36.0,-5.0,6.627659574468085,7.151184641395961,58.0,-1.0,5.723404255319149,8.709658777952715,0.02127659574468085,0.14893617021276595,0.8297872340425532,0.37783474433782077,0.11702127659574468,0.32316921825641176,0.6170212765957447,0.2872340425531915,0.02127659574468085,0.0,0.0
C.McCaffrey,0.8169014084507042,142,116.0,0.034482758620689655,11.0,-13.0,-0.1206896551724138,4.000337317111478,29.0,0.0,8.78448275862069,6.114567117505766,0.04310344827586207,0.33620689655172414,0.6206896551724138,0.48732048938077177,0.4827586206896552,0.5018705639589911,0.5086206896551724,0.034482758620689655,0.0,0.0,0.0
C.Ridley,0.6631578947368421,95,63.0,0.1111111111111111,36.0,-2.0,11.555555555555555,8.204597015477356,14.0,-1.0,2.1904761904761907,3.5004937110639345,0.0,0.07936507936507936,0.9206349206349206,0.2724789013191783,0.031746031746031744,0.17673143177130227,0.4603174603174603,0.38095238095238093,0.14285714285714285,0.0,0.0
C.Samuel,0.5142857142857142,105,54.0,0.1111111111111111,39.0,-3.0,8.62962962962963,8.900490332679675,14.0,0.0,2.9814814814814814,3.9501169829380847,0.0,0.07407407407407407,0.9259259259259259,0.26435052857271474,0.12962962962962962,0.33904952030452445,0.4444444444444444,0.3888888888888889,0.05555555555555555,0.0,0.0
C.Sutton,0.5853658536585366,123,72.0,0.08333333333333333,46.0,-3.0,10.555555555555555,10.321437951039176,45.0,-1.0,4.888888888888889,7.916030367312446,0.06944444444444445,0.09722222222222222,0.8333333333333334,0.3752933125204008,0.05555555555555555,0.23066889195376988,0.6111111111111112,0.2361111111111111,0.1527777777777778,0.027777777777777776,0.1654887956057706
C.Thompson,0.711864406779661,59,42.0,0.0,15.0,-7.0,0.9761904761904762,4.571855017856246,42.0,-2.0,8.023809523809524,9.799173920479703,0.09523809523809523,0.14285714285714285,0.7619047619047619,0.43108053740904234,0.38095238095238093,0.4915074349923197,0.5952380952380952,0.023809523809523808,0.0,0.0,0.0
D.Adams,0.6484375,128,83.0,0.060240963855421686,34.0,-5.0,7.337349397590361,8.55438428231999,35.0,-1.0,4.674698795180723,5.9981875997121,0.024096385542168676,0.10843373493975904,0.8674698795180723,0.3411274111927369,0.18072289156626506,0.38712758069902264,0.5783132530120482,0.1927710843373494,0.08433734939759036,0.0,0.0
D.Amendola,0.6458333333333334,96,62.0,0.016129032258064516,46.0,-3.0,7.596774193548387,7.418319542418043,26.0,-1.0,3.338709677419355,5.172257484706415,0.016129032258064516,0.06451612903225806,0.9193548387096774,0.2745122110081745,0.08064516129032258,0.27451221100817447,0.7096774193548387,0.22580645161290322,0.03225806451612903,0.016129032258064516,0.1270001270001905
D.Byrd,0.6956521739130435,46,32.0,0.03125,47.0,-4.0,6.53125,9.847168825148056,44.0,-1.0,4.6875,8.074002485077166,0.03125,0.09375,0.875,0.3360107525161235,0.1875,0.396557769456266,0.65625,0.09375,0.0625,0.03125,0.17677669529663687
D.Chark,0.6818181818181818,44,30.0,0.16666666666666666,43.0,-1.0,12.833333333333334,11.916616429441572,26.0,-1.0,4.766666666666667,6.317372507799334,0.03333333333333333,0.16666666666666666,0.8,0.40683810217248617,0.06666666666666667,0.2537081317024624,0.43333333333333335,0.23333333333333334,0.26666666666666666,0.03333333333333333,0.18257418583505536
D.Chark Jr.,0.5657894736842105,76,43.0,0.06976744186046512,29.0,-3.0,6.837209302325581,7.940043878246696,21.0,0.0,4.325581395348837,5.348435152687444,0.023255813953488372,0.11627906976744186,0.8604651162790697,0.350604603563426,0.20930232558139536,0.41162509149327114,0.5348837209302325,0.20930232558139536,0.06976744186046512,0.0,0.0
D.Cook,0.8412698412698413,63,53.0,0.0,4.0,-8.0,-1.3584905660377358,3.162851315984467,37.0,-1.0,11.150943396226415,9.241204188963634,0.1509433962264151,0.37735849056603776,0.4716981132075472,0.5039754872284373,0.6037735849056604,0.4937931146320847,0.39622641509433965,0.0,0.0,0.0,0.0
D.Fells,0.7083333333333334,48,34.0,0.20588235294117646,21.0,-2.0,5.088235294117647,5.5342878716226265,18.0,0.0,4.9411764705882355,5.239368319955838,0.0,0.17647058823529413,0.8235294117647058,0.38695299497594743,0.029411764705882353,0.17149858514250885,0.7941176470588235,0.17647058823529413,0.029411764705882353,0.0,0.0
D.Freeman,0.855072463768116,69,59.0,0.06779661016949153,14.0,-7.0,1.11864406779661,3.7512514958239067,30.0,0.0,5.830508474576271,5.745020459652297,0.03389830508474576,0.1864406779661017,0.7796610169491526,0.41803302171864815,0.3220338983050847,0.4712667436374851,0.6610169491525424,0.01694915254237288,0.0,0.0,0.0
D.Goedert,0.6666666666666666,87,58.0,0.08620689655172414,28.0,-6.0,4.758620689655173,6.736416728857233,27.0,0.0,5.706896551724138,6.491583270476608,0.034482758620689655,0.1724137931034483,0.7931034482758621,0.40861858377396965,0.1896551724137931,0.39545206428619817,0.6896551724137931,0.10344827586206896,0.034482758620689655,0.0,0.0
D.Hamilton,0.5384615384615384,52,28.0,0.03571428571428571,26.0,-2.0,6.035714285714286,6.466335288514822,22.0,0.0,4.571428571428571,4.606184019004367,0.03571428571428571,0.10714285714285714,0.8571428571428571,0.3563483225498992,0.17857142857142858,0.3900210277874798,0.5714285714285714,0.21428571428571427,0.03571428571428571,0.0,0.0
D.Hopkins,0.6887417218543046,151,104.0,0.0673076923076923,35.0,-4.0,7.384615384615385,8.046355615158099,30.0,-2.0,3.8173076923076925,5.140292808472435,0.019230769230769232,0.09615384615384616,0.8846153846153846,0.3210326876770217,0.08653846153846154,0.28251907481188177,0.6346153846153846,0.23076923076923078,0.0673076923076923,0.0,0.0
D.Johnson,0.6971153846153846,208,145.0,0.08275862068965517,37.0,-8.0,4.137931034482759,7.984029797086574,42.0,-2.0,6.4206896551724135,6.721306261018472,0.027586206896551724,0.22758620689655173,0.7448275862068966,0.43746921073925615,0.2413793103448276,0.4294030428165089,0.6,0.1103448275862069,0.05517241379310345,0.0,0.0
D.Knox,0.56,50,28.0,0.07142857142857142,32.0,-3.0,8.714285714285714,8.471552146283216,30.0,0.0,5.142857142857143,6.7534040015732515,0.03571428571428571,0.10714285714285714,0.8571428571428571,0.3563483225498992,0.07142857142857142,0.262265264156481,0.6428571428571429,0.21428571428571427,0.10714285714285714,0.0,0.0
D.Moore,0.611764705882353,170,104.0,0.057692307692307696,49.0,-5.0,9.26923076923077,9.045978314941058,35.0,-1.0,4.923076923076923,6.8785473569350515,0.04807692307692308,0.11538461538461539,0.8365384615384616,0.37157698370193437,0.07692307692307693,0.2677597710565683,0.6057692307692307,0.28846153846153844,0.08653846153846154,0.009615384615384616,0.09805806756909201
D.Ogunbowale,0.7608695652173914,46,35.0,0.0,8.0,-5.0,2.257142857142857,3.2929769933893547,17.0,0.0,5.914285714285715,4.8286609309988435,0.0,0.2,0.8,0.40583972495671394,0.2,0.40583972495671394,0.8,0.0,0.0,0.0,0.0
D.Parker,0.5625,128,72.0,0.125,49.0,1.0,12.972222222222221,10.040723028539192,34.0,0.0,3.7222222222222223,5.464925865049326,0.013888888888888888,0.08333333333333333,0.9027777777777778,0.29833916903569274,0.0,0.0,0.5138888888888888,0.4166666666666667,0.1527777777777778,0.041666666666666664,0.2012286205947824
D.Robinson,0.5818181818181818,55,32.0,0.125,39.0,-3.0,10.5625,11.34200727526914,11.0,-2.0,3.46875,3.671901810128616,0.0,0.0625,0.9375,0.24593468841898236,0.09375,0.29614458108029906,0.5625,0.1875,0.1875,0.0,0.0
D.Samuel,0.7037037037037037,81,57.0,0.05263157894736842,29.0,-6.0,5.771929824561403,8.49793576586113,44.0,0.0,8.298245614035087,8.904182228193793,0.10526315789473684,0.17543859649122806,0.7192982456140351,0.45333628187158476,0.3333333333333333,0.4755948656056709,0.38596491228070173,0.2807017543859649,0.03508771929824561,0.0,0.0
D.Slayton,0.5647058823529412,85,48.0,0.16666666666666666,40.0,-4.0,11.145833333333334,10.514406698761007,31.0,-2.0,4.270833333333333,7.207382690562986,0.08333333333333333,0.0625,0.8541666666666666,0.3566739576374165,0.08333333333333333,0.2793101938654641,0.5833333333333334,0.2708333333333333,0.14583333333333334,0.020833333333333332,0.1443375672974064
D.Thomas,0.6166666666666667,60,37.0,0.02702702702702703,23.0,-3.0,7.1891891891891895,6.445661063579635,30.0,0.0,4.675675675675675,6.337954691355065,0.02702702702702703,0.16216216216216217,0.8108108108108109,0.39706127695565785,0.05405405405405406,0.22924343513512566,0.6486486486486487,0.2972972972972973,0.02702702702702703,0.0,0.0
D.Waller,0.7692307692307693,117,90.0,0.03333333333333333,26.0,-5.0,6.388888888888889,6.733605883162662,80.0,0.0,6.333333333333333,9.844864057700683,0.03333333333333333,0.16666666666666666,0.8,0.4022409138923946,0.1,0.30168068541929594,0.6777777777777778,0.18888888888888888,0.044444444444444446,0.0,0.0
D.Westbrook,0.6407766990291263,103,66.0,0.045454545454545456,37.0,-5.0,5.166666666666667,8.603368451830288,19.0,-1.0,4.833333333333333,4.270050741306634,0.0,0.12121212121212122,0.8787878787878788,0.3288746085645837,0.2878787878787879,0.45624391300981554,0.5303030303030303,0.12121212121212122,0.06060606060606061,0.0,0.0
DK.Metcalf,0.5686274509803921,102,58.0,0.1206896551724138,53.0,-3.0,10.810344827586206,11.289580503684947,28.0,0.0,4.706896551724138,6.701685100188843,0.05172413793103448,0.10344827586206896,0.8448275862068966,0.36523119992833164,0.06896551724137931,0.25560859370538297,0.603448275862069,0.2413793103448276,0.15517241379310345,0.034482758620689655,0.18405922400991942
E.Ebron,0.5961538461538461,52,31.0,0.0967741935483871,27.0,0.0,7.096774193548387,6.798798122755116,21.0,0.0,5.0,5.105552532945545,0.03225806451612903,0.16129032258064516,0.8064516129032258,0.40160966445124935,0.0,0.0,0.8064516129032258,0.0967741935483871,0.0967741935483871,0.0,0.0
E.Elliott,0.7605633802816901,71,54.0,0.037037037037037035,23.0,-6.0,0.46296296296296297,4.839744898013494,25.0,-3.0,7.314814814814815,6.30909518398091,0.07407407407407407,0.18518518518518517,0.7407407407407407,0.4423430404998887,0.4074074074074074,0.49596555413404597,0.5555555555555556,0.018518518518518517,0.018518518518518517,0.0,0.0
E.Engram,0.6470588235294118,68,44.0,0.06818181818181818,30.0,-5.0,4.886363636363637,5.922821095150399,62.0,-1.0,5.7272727272727275,10.323519402515917,0.045454545454545456,0.13636363636363635,0.8181818181818182,0.390153653257413,0.09090909090909091,0.29080336345115265,0.7954545454545454,0.09090909090909091,0.022727272727272728,0.0,0.0
E.Sanders,0.673469387755102,98,66.0,0.07575757575757576,49.0,-3.0,9.636363636363637,9.243103647312685,26.0,-1.0,3.5303030303030303,5.94389071482954,0.030303030303030304,0.09090909090909091,0.8787878787878788,0.3288746085645837,0.045454545454545456,0.20989507868443238,0.5757575757575758,0.3484848484848485,0.045454545454545456,0.045454545454545456,0.20989507868443236
G.Allison,0.6071428571428571,56,34.0,0.058823529411764705,31.0,-4.0,5.205882352941177,8.164147088502844,16.0,0.0,3.235294117647059,3.916235232429473,0.0,0.08823529411764706,0.9117647058823529,0.2879022412812366,0.23529411764705882,0.4305615452020462,0.5,0.23529411764705882,0.029411764705882353,0.0,0.0
G.Bernard,0.6976744186046512,43,30.0,0.0,23.0,-6.0,0.8666666666666667,5.210952215143193,41.0,-3.0,6.933333333333334,8.31671907015946,0.03333333333333333,0.2,0.7666666666666667,0.43018306715207644,0.3333333333333333,0.47946330148538413,0.6333333333333333,0.0,0.03333333333333333,0.0,0.0
G.Everett,0.6166666666666667,60,37.0,0.05405405405405406,26.0,-4.0,6.216216216216216,6.368913805592211,23.0,-2.0,4.8108108108108105,5.295899030999982,0.02702702702702703,0.13513513513513514,0.8378378378378378,0.3736838766118223,0.08108108108108109,0.2767247306920301,0.7027027027027027,0.1891891891891892,0.02702702702702703,0.0,0.0
G.Kittle,0.794392523364486,107,85.0,0.058823529411764705,35.0,-7.0,5.305882352941176,7.445074321500159,37.0,0.0,7.08235294117647,7.564345823076337,0.07058823529411765,0.2,0.7294117647058823,0.44690031098129934,0.2235294117647059,0.4190826315905258,0.5647058823529412,0.18823529411764706,0.047058823529411764,0.0,0.0
G.Olsen,0.6341463414634146,82,52.0,0.038461538461538464,30.0,-5.0,7.615384615384615,6.365205189471301,19.0,0.0,3.8653846153846154,4.838687417843997,0.0,0.15384615384615385,0.8461538461538461,0.3643213074786545,0.019230769230769232,0.13867504905630726,0.6153846153846154,0.34615384615384615,0.019230769230769232,0.0,0.0
G.Tate,0.5764705882352941,85,49.0,0.12244897959183673,29.0,-3.0,8.0,8.299096336348915,63.0,-3.0,5.673469387755102,10.765275494040319,0.061224489795918366,0.10204081632653061,0.8367346938775511,0.3734377890799553,0.16326530612244897,0.3734377890799553,0.5510204081632653,0.22448979591836735,0.08163265306122448,0.0,0.0
H.Henry,0.7142857142857143,77,55.0,0.09090909090909091,23.0,-7.0,8.690909090909091,6.568366185242291,16.0,0.0,3.1636363636363636,3.3431169552426634,0.0,0.05454545454545454,0.9454545454545454,0.22918388365077616,0.03636363636363636,0.18891859540615819,0.5636363636363636,0.38181818181818183,0.03636363636363636,0.0,0.0
H.Renfrow,0.6805555555555556,72,49.0,0.08163265306122448,27.0,-3.0,6.204081632653061,6.512742611721317,57.0,-2.0,6.142857142857143,10.482127646618315,0.04081632653061224,0.14285714285714285,0.8163265306122449,0.39123039821797584,0.12244897959183673,0.331200660553418,0.7346938775510204,0.12244897959183673,0.061224489795918366,0.0,0.0
I.Smith,0.7704918032786885,61,47.0,0.0425531914893617,22.0,-6.0,4.042553191489362,6.3893846979002085,16.0,-1.0,4.425531914893617,3.8715499696423343,0.0,0.0851063829787234,0.9148936170212766,0.28205667284696945,0.19148936170212766,0.39772712255364373,0.6808510638297872,0.14893617021276595,0.0425531914893617,0.0,0.0
J.Akins,0.6545454545454545,55,36.0,0.05555555555555555,23.0,-1.0,4.777777777777778,5.345818719127855,43.0,0.0,6.833333333333333,8.213229745790803,0.05555555555555555,0.19444444444444445,0.75,0.4391550328268398,0.1111111111111111,0.3187276291558383,0.75,0.1388888888888889,0.027777777777777776,0.0,0.0
J.Brown,0.6197183098591549,142,88.0,0.09090909090909091,46.0,-3.0,11.477272727272727,8.634303774589549,21.0,-3.0,3.0681818181818183,4.593337139978374,0.011363636363636364,0.056818181818181816,0.9318181818181818,0.2535021161332042,0.022727272727272728,0.14988675627759454,0.5227272727272727,0.36363636363636365,0.13636363636363635,0.011363636363636364,0.10660035817780524
J.Cook,0.6615384615384615,65,43.0,0.20930232558139536,26.0,0.0,10.488372093023257,6.363482473581869,45.0,-2.0,5.906976744186046,9.27057288384512,0.06976744186046512,0.13953488372093023,0.7906976744186046,0.41162509149327114,0.0,0.0,0.5581395348837209,0.37209302325581395,0.06976744186046512,0.0,0.0
J.Crowder,0.639344262295082,122,78.0,0.07692307692307693,24.0,-3.0,6.089743589743589,6.386239056287298,21.0,0.0,4.589743589743589,4.553964727421013,0.01282051282051282,0.16666666666666666,0.8205128205128205,0.38624363966821407,0.1282051282051282,0.3364819656684637,0.6025641025641025,0.2692307692307692,0.01282051282051282,0.0,0.0
J.Doyle,0.589041095890411,73,43.0,0.09302325581395349,18.0,-5.0,5.395348837209302,5.4516905848147825,20.0,-1.0,5.023255813953488,5.129227046999165,0.0,0.18604651162790697,0.813953488372093,0.39374961547907883,0.11627906976744186,0.3243530062242882,0.6976744186046512,0.18604651162790697,0.0,0.0,0.0
J.Edelman,0.6535947712418301,153,100.0,0.06,34.0,-4.0,7.97,6.656742613487639,27.0,-10.0,3.2,5.1717960852565295,0.02,0.06,0.92,0.27265992434429076,0.09,0.2876234912646613,0.64,0.31,0.04,0.0,0.0
J.Gordon,0.574468085106383,47,27.0,0.037037037037037035,53.0,-3.0,10.518518518518519,13.276266766650151,23.0,0.0,5.2592592592592595,6.105436370674358,0.037037037037037035,0.18518518518518517,0.7777777777777778,0.4236592728681616,0.1111111111111111,0.32025630761017426,0.6296296296296297,0.14814814814814814,0.18518518518518517,0.07407407407407407,0.26688025634181184
J.Graham,0.6714285714285714,70,47.0,0.0851063829787234,21.0,-3.0,5.957446808510638,7.135208009546777,32.0,0.0,6.723404255319149,6.886351111973074,0.0425531914893617,0.19148936170212766,0.7659574468085106,0.42797632794384316,0.19148936170212766,0.3977271225536437,0.574468085106383,0.19148936170212766,0.0425531914893617,0.0,0.0
J.Hill,0.673469387755102,49,33.0,0.09090909090909091,16.0,-6.0,1.696969696969697,5.046563487196314,26.0,0.0,7.2727272727272725,7.094331924469383,0.06060606060606061,0.30303030303030304,0.6363636363636364,0.48850421045919723,0.3939393939393939,0.49619766344887317,0.5454545454545454,0.09090909090909091,0.0,0.0,0.0
J.Hollister,0.6949152542372882,59,41.0,0.07317073170731707,16.0,-4.0,4.390243902439025,4.9642625272062695,14.0,-1.0,4.121951219512195,3.9445856686806757,0.0,0.12195121951219512,0.8780487804878049,0.3312945782245396,0.17073170731707318,0.38094875143451024,0.7073170731707317,0.14634146341463414,0.0,0.0,0.0
J.Jones,0.6265822784810127,158,99.0,0.06060606060606061,47.0,-3.0,10.353535353535353,8.627569870104404,55.0,-2.0,3.727272727272727,7.267228904849021,0.030303030303030304,0.0707070707070707,0.898989898989899,0.30287565627206586,0.04040404040404041,0.19790700347467463,0.5151515151515151,0.42424242424242425,0.08080808080808081,0.010101010101010102,0.10050378152592121
J.Landry,0.6014492753623188,138,83.0,0.07228915662650602,39.0,-7.0,8.891566265060241,9.117140180883062,58.0,-3.0,5.253012048192771,8.617683709921321,0.03614457831325301,0.10843373493975904,0.8554216867469879,0.3538130318051739,0.12048192771084337,0.32750313204407316,0.46987951807228917,0.3493975903614458,0.0963855421686747,0.0,0.0
J.McKissic,0.7906976744186046,43,34.0,0.029411764705882353,16.0,-6.0,-0.11764705882352941,4.597527042004297,22.0,-2.0,6.970588235294118,5.5294544315113425,0.029411764705882353,0.20588235294117646,0.7647058823529411,0.4305615452020462,0.4411764705882353,0.5039947372613783,0.5294117647058824,0.029411764705882353,0.0,0.0,0.0
J.Mixon,0.7777777777777778,45,35.0,0.08571428571428572,6.0,-6.0,-1.2571428571428571,3.5673590259697816,37.0,0.0,9.457142857142857,9.169459722177674,0.11428571428571428,0.3142857142857143,0.5714285714285714,0.5020964452534339,0.5714285714285714,0.5020964452534338,0.42857142857142855,0.0,0.0,0.0,0.0
J.Reynolds,0.4883720930232558,43,21.0,0.047619047619047616,29.0,-4.0,8.904761904761905,9.054859258457649,32.0,0.0,6.619047619047619,8.108490552970945,0.09523809523809523,0.047619047619047616,0.8571428571428571,0.35856858280031806,0.14285714285714285,0.35856858280031806,0.47619047619047616,0.2857142857142857,0.09523809523809523,0.0,0.0
J.Richard,0.8372093023255814,43,36.0,0.0,25.0,-6.0,2.4166666666666665,5.084289527554463,32.0,0.0,6.555555555555555,7.940652885875837,0.1111111111111111,0.05555555555555555,0.8333333333333334,0.3779644730092272,0.19444444444444445,0.40138648595974324,0.7777777777777778,0.0,0.027777777777777776,0.0,0.0
J.Ross III,0.5,52,26.0,0.11538461538461539,43.0,-3.0,11.115384615384615,10.296900205700444,50.0,0.0,7.269230769230769,10.569986536633591,0.07692307692307693,0.15384615384615385,0.7692307692307693,0.42966892442365967,0.11538461538461539,0.32581259360842113,0.34615384615384615,0.38461538461538464,0.15384615384615385,0.038461538461538464,0.19611613513818402
J.Samuels,0.8245614035087719,57,47.0,0.02127659574468085,5.0,-7.0,-1.2765957446808511,3.208020706723089,30.0,0.0,7.76595744680851,6.568080806172434,0.0425531914893617,0.2765957446808511,0.6808510638297872,0.4711864293980076,0.574468085106383,0.49976867914561146,0.425531914893617,0.0,0.0,0.0,0.0
J.Smith,0.782608695652174,46,36.0,0.08333333333333333,20.0,-5.0,4.944444444444445,6.952674488258639,62.0,0.0,7.583333333333333,12.065002516132589,0.08333333333333333,0.1111111111111111,0.8055555555555556,0.4013864859597432,0.16666666666666666,0.3779644730092272,0.6111111111111112,0.2222222222222222,0.0,0.0,0.0
J.Smith-Schuster,0.5915492957746479,71,42.0,0.07142857142857142,43.0,-6.0,7.690476190476191,9.620831299303775,65.0,0.0,5.4523809523809526,10.444282788841313,0.023809523809523808,0.11904761904761904,0.8571428571428571,0.3541688016605732,0.19047619047619047,0.3974366179316376,0.5,0.2857142857142857,0.07142857142857142,0.023809523809523808,0.15430334996209188
J.Washington,0.55,80,44.0,0.06818181818181818,44.0,-1.0,12.795454545454545,12.120671455524631,35.0,-1.0,3.909090909090909,5.987654670792198,0.022727272727272728,0.06818181818181818,0.9090909090909091,0.2908033634511526,0.022727272727272728,0.1507556722888818,0.5227272727272727,0.2727272727272727,0.18181818181818182,0.022727272727272728,0.1507556722888818
J.White,0.7578947368421053,95,72.0,0.06944444444444445,28.0,-7.0,1.6944444444444444,5.635998202922796,63.0,-1.0,7.263888888888889,10.34883548671745,0.08333333333333333,0.1388888888888889,0.7777777777777778,0.41865721708183956,0.3333333333333333,0.4747126632775414,0.625,0.027777777777777776,0.027777777777777776,0.0,0.0
J.Williams,0.88,50,44.0,0.11363636363636363,10.0,-6.0,-0.7045454545454546,3.5540971800624273,34.0,0.0,7.795454545454546,6.701542847193441,0.022727272727272728,0.2727272727272727,0.7045454545454546,0.4615215208036402,0.5454545454545454,0.5036862005093147,0.45454545454545453,0.022727272727272728,0.0,0.0,0.0
J.Witten,0.7411764705882353,85,63.0,0.06349206349206349,23.0,-3.0,5.825396825396825,4.6230128513622715,12.0,0.0,2.5714285714285716,2.674336129344794,0.0,0.031746031746031744,0.9682539682539683,0.17673143177130227,0.06349206349206349,0.2458045298026051,0.8095238095238095,0.1746031746031746,0.015873015873015872,0.0,0.0
J.Wright,0.4827586206896552,58,28.0,0.0,22.0,-3.0,7.25,7.188596937228149,15.0,0.0,3.3214285714285716,3.810838066946268,0.0,0.07142857142857142,0.9285714285714286,0.262265264156481,0.10714285714285714,0.314970394174356,0.6071428571428571,0.25,0.07142857142857142,0.0,0.0
K.Allen,0.697986577181208,149,104.0,0.057692307692307696,28.0,-4.0,7.9326923076923075,6.617517827378209,33.0,-2.0,3.5961538461538463,5.635393062279936,0.028846153846153848,0.057692307692307696,0.9134615384615384,0.2825190748118817,0.08653846153846154,0.2825190748118817,0.5576923076923077,0.33653846153846156,0.038461538461538464,0.0,0.0
K.Bourne,0.6521739130434783,46,30.0,0.16666666666666666,23.0,1.0,7.866666666666666,5.37384042557464,27.0,0.0,4.066666666666666,5.304086474910957,0.03333333333333333,0.1,0.8666666666666667,0.3457459036417604,0.0,0.0,0.7666666666666667,0.3,0.03333333333333333,0.0,0.0
K.Drake,0.7142857142857143,70,50.0,0.0,6.0,-7.0,-1.58,3.505622306396118,25.0,0.0,8.48,7.20895135174574,0.12,0.22,0.66,0.4785181206984064,0.6,0.49487165930539356,0.4,0.0,0.0,0.0,0.0
K.Golladay,0.5555555555555556,117,65.0,0.16923076923076924,47.0,-2.0,13.63076923076923,11.436740727215007,35.0,0.0,4.676923076923077,7.897997555369043,0.07692307692307693,0.06153846153846154,0.8615384615384616,0.3480716106691929,0.015384615384615385,0.12403473458920847,0.47692307692307695,0.3076923076923077,0.2153846153846154,0.03076923076923077,0.17403580533459642
K.Harmon,0.6818181818181818,44,30.0,0.0,25.0,-1.0,9.033333333333333,6.546825149660703,19.0,0.0,3.1333333333333333,4.681094282126874,0.0,0.1,0.9,0.30512857662936466,0.03333333333333333,0.18257418583505533,0.6666666666666666,0.26666666666666666,0.1,0.0,0.0
K.Hunt,0.8409090909090909,44,37.0,0.02702702702702703,14.0,-7.0,0.24324324324324326,4.821280405114885,33.0,0.0,7.45945945945946,6.727202632242859,0.05405405405405406,0.24324324324324326,0.7027027027027027,0.4633731916228157,0.4864864864864865,0.5067117097095317,0.4594594594594595,0.05405405405405406,0.0,0.0,0.0
K.Johnson,0.5344827586206896,58,31.0,0.06451612903225806,30.0,-6.0,5.0,6.526867548832287,38.0,0.0,5.129032258064516,8.122979484088626,0.06451612903225806,0.03225806451612903,0.9032258064516129,0.30053715351876426,0.12903225806451613,0.3407771005482389,0.7419354838709677,0.12903225806451613,0.03225806451612903,0.0,0.0
K.Rudolph,0.7959183673469388,49,39.0,0.15384615384615385,18.0,-6.0,4.538461538461538,5.3746292594106775,20.0,0.0,4.871794871794871,5.3418875393563745,0.0,0.1794871794871795,0.8205128205128205,0.3887764119844716,0.15384615384615385,0.36551776819519555,0.717948717948718,0.15384615384615385,0.0,0.0,0.0
K.Smith,0.6956521739130435,46,32.0,0.09375,32.0,-6.0,5.53125,7.539078299958374,16.0,-3.0,3.25,4.26538959382338,0.0,0.0625,0.9375,0.24593468841898236,0.15625,0.3689020326284736,0.71875,0.15625,0.03125,0.0,0.0
K.Stills,0.7272727272727273,55,40.0,0.1,35.0,-4.0,10.425,11.358691464903506,18.0,-3.0,3.6,4.6453726631441725,0.0,0.175,0.825,0.38480764425479264,0.175,0.3848076442547927,0.4,0.3,0.175,0.0,0.0
L.Bell,0.8461538461538461,78,66.0,0.015151515151515152,20.0,-9.0,0.3181818181818182,5.057086698300305,20.0,0.0,6.666666666666667,5.245755304810617,0.0,0.21212121212121213,0.7878787878787878,0.41194292043554975,0.48484848484848486,0.5036000929438492,0.48484848484848486,0.030303030303030304,0.0,0.0,0.0
L.Fitzgerald,0.6944444444444444,108,75.0,0.05333333333333334,45.0,-4.0,6.013333333333334,9.457577161502082,27.0,-1.0,4.706666666666667,5.361961453668855,0.013333333333333334,0.16,0.8266666666666667,0.3810842757517361,0.2,0.4026936331284146,0.5866666666666667,0.14666666666666667,0.08,0.02666666666666667,0.16219218941214866
L.Fournette,0.76,100,76.0,0.0,9.0,-6.0,-0.47368421052631576,3.473609781233451,26.0,-2.0,7.328947368421052,5.983060884184587,0.039473684210526314,0.23684210526315788,0.7236842105263158,0.4501461750891242,0.5263157894736842,0.5026246899500346,0.47368421052631576,0.0,0.0,0.0,0.0
L.Murray,0.7906976744186046,43,34.0,0.029411764705882353,4.0,-7.0,-1.4411764705882353,3.743205371438084,31.0,0.0,8.352941176470589,7.503059387893256,0.11764705882352941,0.23529411764705882,0.6470588235294118,0.48507125007266594,0.5294117647058824,0.5066403971048989,0.47058823529411764,0.0,0.0,0.0,0.0
M.Andrews,0.6530612244897959,98,64.0,0.15625,33.0,-5.0,8.765625,7.6754446383792905,41.0,-1.0,4.546875,7.16235681593218,0.03125,0.109375,0.859375,0.35038244411336755,0.046875,0.21304202581158665,0.640625,0.28125,0.0625,0.0,0.0
M.Brown,0.6233766233766234,77,48.0,0.14583333333333334,43.0,-8.0,7.645833333333333,11.55834336825307,43.0,0.0,4.854166666666667,9.062406761564874,0.0625,0.041666666666666664,0.8958333333333334,0.3087092781885836,0.20833333333333334,0.4104140790860576,0.5625,0.16666666666666666,0.10416666666666667,0.041666666666666664,0.20194093652345887
M.Evans,0.5677966101694916,118,67.0,0.11940298507462686,46.0,-1.0,13.447761194029852,10.8044373349067,30.0,-1.0,3.8208955223880596,5.974504856203384,0.04477611940298507,0.07462686567164178,0.8805970149253731,0.32670940009765015,0.029850746268656716,0.1714597977202911,0.3582089552238806,0.4925373134328358,0.13432835820895522,0.04477611940298507,0.2083729044282493
M.Gallup,0.584070796460177,113,66.0,0.09090909090909091,41.0,-2.0,11.727272727272727,8.19483036769186,48.0,0.0,5.045454545454546,8.092602164335634,0.045454545454545456,0.10606060606060606,0.8484848484848485,0.36129784186475644,0.030303030303030304,0.17273340683501218,0.5454545454545454,0.3787878787878788,0.10606060606060606,0.015151515151515152,0.12309149097933274
M.Gesicki,0.5730337078651685,89,51.0,0.09803921568627451,29.0,-9.0,7.666666666666667,7.431464638055318,17.0,-2.0,3.5098039215686274,4.369771385414151,0.0,0.11764705882352941,0.8823529411764706,0.32539568672798425,0.058823529411764705,0.23763541031440183,0.6078431372549019,0.27450980392156865,0.0784313725490196,0.0,0.0
M.Gordon,0.7636363636363637,55,42.0,0.023809523809523808,7.0,-5.0,-0.35714285714285715,3.377265660996738,24.0,0.0,7.404761904761905,6.465893723936782,0.07142857142857142,0.2619047619047619,0.6666666666666666,0.47711872361369784,0.42857142857142855,0.5008703226778094,0.5714285714285714,0.0,0.0,0.0,0.0
M.Jones,0.7611940298507462,67,51.0,0.1568627450980392,45.0,-2.0,11.03921568627451,8.962055086449146,11.0,-1.0,1.803921568627451,2.6982928517352387,0.0,0.0196078431372549,0.9803921568627451,0.14002800840280097,0.0392156862745098,0.19603921176392136,0.49019607843137253,0.37254901960784315,0.11764705882352941,0.0196078431372549,0.14002800840280097
M.Sanders,0.7936507936507936,63,50.0,0.06,38.0,-8.0,1.78,9.09875524117313,29.0,-1.0,8.4,8.590455073355947,0.14,0.2,0.66,0.4785181206984065,0.42,0.49856938190328987,0.46,0.06,0.06,0.0,0.0
M.Sanu,0.7183098591549296,71,51.0,0.0392156862745098,16.0,-4.0,5.333333333333333,4.706024507656825,16.0,-2.0,3.450980392156863,3.645894817408731,0.0,0.0392156862745098,0.9607843137254902,0.19603921176392136,0.0784313725490196,0.27152438232335313,0.7843137254901961,0.19607843137254902,0.0,0.0,0.0
M.Thomas,0.7947368421052632,190,151.0,0.059602649006622516,29.0,-5.0,7.562913907284768,6.204918649953327,32.0,0.0,3.9536423841059603,4.835063251353763,0.013245033112582781,0.07947019867549669,0.9072847682119205,0.29099813006234115,0.059602649006622516,0.2375370309227651,0.6688741721854304,0.26490066225165565,0.033112582781456956,0.0,0.0
M.Valdes-Scantling,0.4642857142857143,56,26.0,0.07692307692307693,47.0,-5.0,11.576923076923077,16.10011944532854,74.0,0.0,5.8076923076923075,14.411160205255456,0.038461538461538464,0.07692307692307693,0.8846153846153846,0.32581259360842113,0.15384615384615385,0.36794648440311994,0.5384615384615384,0.15384615384615385,0.19230769230769232,0.15384615384615385,0.36794648440311994
M.Williams,0.5871559633027523,109,64.0,0.046875,48.0,0.0,14.25,12.011898862615947,53.0,-2.0,4.546875,7.7355696427873175,0.015625,0.140625,0.84375,0.36596252735569995,0.0,0.0,0.5,0.375,0.1875,0.0625,0.24397501823713325
N.Agholor,0.5652173913043478,69,39.0,0.07692307692307693,41.0,-5.0,6.076923076923077,9.062312402078978,18.0,0.0,3.230769230769231,4.170457115306101,0.0,0.07692307692307693,0.9230769230769231,0.2699527623995086,0.1794871794871795,0.3887764119844716,0.5897435897435898,0.15384615384615385,0.07692307692307693,0.02564102564102564,0.1601281538050871
N.Boyle,0.7045454545454546,44,31.0,0.06451612903225806,22.0,-3.0,5.193548387096774,4.989451237953325,23.0,0.0,5.161290322580645,5.933502474331937,0.06451612903225806,0.06451612903225806,0.8709677419354839,0.3407771005482389,0.12903225806451613,0.34077710054823884,0.8064516129032258,0.0967741935483871,0.03225806451612903,0.0,0.0
N.Chubb,0.7346938775510204,49,36.0,0.0,6.0,-9.0,-1.1111111111111112,3.3276141412453257,32.0,0.0,8.833333333333334,8.090558871743214,0.08333333333333333,0.2222222222222222,0.6944444444444444,0.4671765921511567,0.6388888888888888,0.4871361075732195,0.3611111111111111,0.0,0.0,0.0,0.0
N.Fant,0.6060606060606061,66,40.0,0.075,21.0,-8.0,5.8,7.663432985823333,65.0,-1.0,8.25,12.761621149327947,0.125,0.075,0.8,0.40509574683346666,0.25,0.43852900965351455,0.45,0.3,0.025,0.0,0.0
N.Hines,0.7586206896551724,58,44.0,0.0,8.0,-7.0,0.11363636363636363,3.635841664440229,21.0,0.0,7.159090909090909,5.607068553084151,0.022727272727272728,0.3181818181818182,0.6590909090909091,0.47949497745420183,0.3181818181818182,0.4711552981879444,0.6818181818181818,0.0,0.0,0.0,0.0
O.Beckham,0.5590551181102362,127,71.0,0.04225352112676056,41.0,-5.0,8.76056338028169,9.3066255795572,79.0,-2.0,4.676056338028169,10.300866326794798,0.028169014084507043,0.09859154929577464,0.8732394366197183,0.33507259191271765,0.1267605633802817,0.33507259191271777,0.5774647887323944,0.28169014084507044,0.07042253521126761,0.014084507042253521,0.11867816581938533
O.Howard,0.6415094339622641,53,34.0,0.029411764705882353,27.0,-9.0,9.088235294117647,9.113319080896474,34.0,0.0,4.411764705882353,6.755996873973582,0.029411764705882353,0.08823529411764706,0.8823529411764706,0.3270349700838643,0.11764705882352941,0.32703497008386423,0.5,0.3235294117647059,0.14705882352941177,0.0,0.0
O.Johnson,0.7045454545454546,44,31.0,0.0967741935483871,18.0,-2.0,7.290322580645161,4.947683285384496,11.0,0.0,2.193548387096774,3.0377552549946008,0.0,0.06451612903225806,0.9354838709677419,0.24973103811470743,0.03225806451612903,0.1796053020267749,0.7419354838709677,0.25806451612903225,0.0,0.0,0.0
P.Dorsett,0.5490196078431373,51,28.0,0.17857142857142858,43.0,-1.0,10.0,10.590002273283428,15.0,0.0,2.392857142857143,3.928427125776891,0.0,0.10714285714285714,0.8928571428571429,0.314970394174356,0.03571428571428571,0.1889822365046136,0.6428571428571429,0.17857142857142858,0.14285714285714285,0.03571428571428571,0.1889822365046136
P.Lindsay,0.7291666666666666,48,35.0,0.0,5.0,-7.0,-1.3428571428571427,3.1243150509855955,37.0,-1.0,6.942857142857143,6.881103097028323,0.02857142857142857,0.2,0.7714285714285715,0.4260429614980357,0.6571428571428571,0.48159399197793534,0.34285714285714286,0.0,0.0,0.0,0.0
P.Williams,0.5333333333333333,60,32.0,0.09375,30.0,-6.0,10.75,7.474688471229786,12.0,0.0,2.625,3.498847736594288,0.0,0.09375,0.90625,0.29614458108029906,0.03125,0.17677669529663687,0.53125,0.375,0.125,0.0,0.0
R.Cobb,0.6626506024096386,83,55.0,0.05454545454545454,24.0,-3.0,9.072727272727272,7.769490534454827,42.0,-1.0,5.9818181818181815,7.763854782093821,0.05454545454545454,0.09090909090909091,0.8545454545454545,0.3558079911965534,0.10909090909090909,0.31462660248284635,0.4909090909090909,0.38181818181818183,0.09090909090909091,0.0,0.0
R.Freeman,0.86,50,43.0,0.023255813953488372,6.0,-6.0,-0.13953488372093023,3.732619374857779,25.0,0.0,6.093023255813954,5.46335826204417,0.046511627906976744,0.13953488372093023,0.813953488372093,0.3937496154790789,0.4418604651162791,0.5024855165595915,0.5581395348837209,0.0,0.0,0.0,0.0
R.Gage,0.6621621621621622,74,49.0,0.02040816326530612,18.0,-4.0,6.020408163265306,4.8840292276560575,15.0,-1.0,3.0816326530612246,3.445025004105422,0.0,0.061224489795918366,0.9387755102040817,0.24222607082590245,0.08163265306122448,0.2766416675862441,0.7142857142857143,0.20408163265306123,0.0,0.0,0.0
R.Griffin,0.7906976744186046,43,34.0,0.14705882352941177,21.0,-6.0,4.0588235294117645,5.672587867933787,24.0,0.0,5.352941176470588,6.554583651531178,0.08823529411764706,0.08823529411764706,0.8235294117647058,0.3869529949759475,0.11764705882352941,0.32703497008386423,0.7647058823529411,0.08823529411764706,0.029411764705882353,0.0,0.0
R.Woods,0.6474820143884892,139,90.0,0.022222222222222223,25.0,-8.0,6.2,8.306218057995247,51.0,-2.0,6.4,8.471764073488705,0.06666666666666667,0.14444444444444443,0.7888888888888889,0.4103833353069152,0.2777777777777778,0.45041248954328433,0.3888888888888889,0.3111111111111111,0.06666666666666667,0.0,0.0
Ro.Anderson,0.5416666666666666,96,52.0,0.09615384615384616,41.0,-4.0,11.26923076923077,9.844109186269296,51.0,-4.0,3.7115384615384617,7.644904848050537,0.019230769230769232,0.09615384615384616,0.8846153846153846,0.32260253903223585,0.057692307692307696,0.23543547789870936,0.46153846153846156,0.36538461538461536,0.1346153846153846,0.019230769230769232,0.13867504905630726
S.Barkley,0.7123287671232876,73,52.0,0.038461538461538464,32.0,-7.0,0.0,6.237143639865425,71.0,-2.0,8.423076923076923,13.298011282609073,0.11538461538461539,0.1346153846153846,0.75,0.4372373160976031,0.4807692307692308,0.5045045954972344,0.4807692307692308,0.019230769230769232,0.019230769230769232,0.0,0.0
S.Diggs,0.6631578947368421,95,63.0,0.09523809523809523,50.0,-1.0,13.142857142857142,13.180945610575144,30.0,-1.0,4.73015873015873,7.098855766967294,0.031746031746031744,0.14285714285714285,0.8253968253968254,0.3826765896260495,0.015873015873015872,0.12598815766974242,0.6031746031746031,0.15873015873015872,0.23809523809523808,0.06349206349206349,0.2458045298026051
S.Shepard,0.6785714285714286,84,57.0,0.05263157894736842,24.0,-4.0,6.964912280701754,6.2791176367177055,19.0,0.0,3.1403508771929824,4.1594925707489,0.0,0.10526315789473684,0.8947368421052632,0.3096201893516238,0.08771929824561403,0.28540083056153326,0.7017543859649122,0.17543859649122806,0.05263157894736842,0.0,0.0
S.Sims,0.6071428571428571,56,34.0,0.11764705882352941,17.0,-5.0,4.0588235294117645,6.029931284952406,53.0,-2.0,5.0588235294117645,9.61986951486692,0.029411764705882353,0.11764705882352941,0.8529411764705882,0.3594906279535709,0.29411764705882354,0.4624972900628803,0.5588235294117647,0.23529411764705882,0.0,0.0,0.0
S.Watkins,0.5714285714285714,91,52.0,0.057692307692307696,30.0,-5.0,7.230769230769231,7.495398286623141,61.0,-2.0,5.711538461538462,9.27644399934595,0.038461538461538464,0.09615384615384616,0.8653846153846154,0.3446422500840348,0.09615384615384616,0.29767829619260583,0.6923076923076923,0.17307692307692307,0.057692307692307696,0.0,0.0
T.Boyd,0.6164383561643836,146,90.0,0.05555555555555555,44.0,-9.0,6.555555555555555,8.249087264608498,22.0,-4.0,5.066666666666666,5.664396989832808,0.022222222222222223,0.17777777777777778,0.8,0.4022409138923946,0.12222222222222222,0.3293772734489573,0.6333333333333333,0.24444444444444444,0.05555555555555555,0.011111111111111112,0.10540925533894599
T.Cohen,0.7596153846153846,104,79.0,0.0379746835443038,21.0,-6.0,0.34177215189873417,4.355621407429204,27.0,-8.0,5.430379746835443,5.118301862581732,0.012658227848101266,0.17721518987341772,0.810126582278481,0.3947069463729926,0.45569620253164556,0.5012156594651515,0.5189873417721519,0.012658227848101266,0.012658227848101266,0.0,0.0
T.Eifert,0.671875,64,43.0,0.06976744186046512,25.0,-4.0,7.116279069767442,6.24960685363709,12.0,0.0,3.0232558139534884,3.5084141858776845,0.0,0.09302325581395349,0.9069767441860465,0.29390259873217905,0.023255813953488372,0.15249857033260464,0.7209302325581395,0.2558139534883721,0.046511627906976744,0.0,0.0
T.Gabriel,0.6041666666666666,48,29.0,0.13793103448275862,46.0,-4.0,9.448275862068966,11.4847296345332,11.0,-1.0,2.7241379310344827,3.564673414455261,0.0,0.06896551724137931,0.9310344827586207,0.25788071477756375,0.1724137931034483,0.38442587221924474,0.4482758620689655,0.27586206896551724,0.10344827586206896,0.034482758620689655,0.18569533817705186
T.Ginn,0.5357142857142857,56,30.0,0.06666666666666667,40.0,2.0,12.433333333333334,10.196968221954025,15.0,0.0,1.6,3.1905031491643427,0.0,0.03333333333333333,0.9666666666666667,0.18257418583505536,0.0,0.0,0.6333333333333333,0.3333333333333333,0.16666666666666666,0.03333333333333333,0.18257418583505536
T.Gurley,0.6326530612244898,49,31.0,0.06451612903225806,13.0,-8.0,0.3548387096774194,4.848012562530301,26.0,0.0,6.32258064516129,7.07289236816261,0.06451612903225806,0.1935483870967742,0.7419354838709677,0.4448027229745693,0.3870967741935484,0.49513764785419084,0.5806451612903226,0.03225806451612903,0.0,0.0,0.0
T.Higbee,0.7752808988764045,89,69.0,0.043478260869565216,23.0,-4.0,4.898550724637682,5.72955425721406,23.0,0.0,5.739130434782608,6.531940018800476,0.057971014492753624,0.17391304347826086,0.7681159420289855,0.4251272313441583,0.14492753623188406,0.3546067548061299,0.7246376811594203,0.13043478260869565,0.028985507246376812,0.0,0.0
T.Hill,0.6936936936936937,111,77.0,0.16883116883116883,43.0,-9.0,8.753246753246753,11.469818339491836,41.0,-7.0,5.454545454545454,7.478997706816375,0.025974025974025976,0.14285714285714285,0.8311688311688312,0.37705916758225944,0.16883116883116883,0.37705916758225944,0.4935064935064935,0.2077922077922078,0.12987012987012986,0.012987012987012988,0.11396057645963793
T.Hilton,0.6716417910447762,67,45.0,0.1111111111111111,35.0,-5.0,6.4,7.898216139218916,28.0,-2.0,4.733333333333333,6.847029880307094,0.06666666666666667,0.1111111111111111,0.8222222222222222,0.3866457674602807,0.2222222222222222,0.4204374825912609,0.5333333333333333,0.17777777777777778,0.06666666666666667,0.0,0.0
T.Hockenson,0.5423728813559322,59,32.0,0.0625,23.0,-4.0,5.21875,5.960809508783182,28.0,0.0,6.25,7.80818429184941,0.09375,0.125,0.78125,0.4200134406451545,0.125,0.3360107525161235,0.6875,0.15625,0.03125,0.0,0.0
T.Kelce,0.7185185185185186,135,97.0,0.05154639175257732,27.0,-5.0,8.443298969072165,7.011848710345207,23.0,-10.0,4.22680412371134,5.098008505450877,0.020618556701030927,0.10309278350515463,0.8762886597938144,0.33096235809261887,0.10309278350515463,0.30565967194176336,0.5360824742268041,0.32989690721649484,0.07216494845360824,0.0,0.0
T.Lockett,0.7454545454545455,110,82.0,0.0975609756097561,42.0,-10.0,9.134146341463415,10.424048874659153,25.0,0.0,3.7560975609756095,4.98283715010218,0.024390243902439025,0.08536585365853659,0.8902439024390244,0.3145091241282065,0.17073170731707318,0.37858991295610445,0.43902439024390244,0.3048780487804878,0.10975609756097561,0.012195121951219513,0.11043152607484655
T.McLaurin,0.6170212765957447,94,58.0,0.1206896551724138,45.0,-4.0,12.10344827586207,8.961300139013767,61.0,-1.0,3.7413793103448274,8.85073164748004,0.034482758620689655,0.05172413793103448,0.9137931034482759,0.28312062760626355,0.017241379310344827,0.13130643285972254,0.5,0.39655172413793105,0.13793103448275862,0.034482758620689655,0.18405922400991942
T.Quinn,0.5416666666666666,48,26.0,0.038461538461538464,19.0,-2.0,5.269230769230769,4.133354011528094,10.0,0.0,2.3461538461538463,2.6524299454244997,0.0,0.038461538461538464,0.9615384615384616,0.19611613513818402,0.07692307692307693,0.271746488194703,0.8461538461538461,0.07692307692307693,0.0,0.0,0.0
T.Williams,0.6666666666666666,63,42.0,0.14285714285714285,32.0,-4.0,11.095238095238095,7.267735326165662,31.0,0.0,4.404761904761905,7.752448940565448,0.07142857142857142,0.047619047619047616,0.8809523809523809,0.32777006756156785,0.047619047619047616,0.2155402687045212,0.38095238095238093,0.5476190476190477,0.047619047619047616,0.0,0.0
V.McDonald,0.6909090909090909,55,38.0,0.07894736842105263,13.0,-5.0,2.6578947368421053,3.743652760155541,18.0,0.0,4.526315789473684,4.780234315783904,0.0,0.15789473684210525,0.8421052631578947,0.3695370214766319,0.21052631578947367,0.41315495011227443,0.7631578947368421,0.02631578947368421,0.0,0.0,0.0
W.Fuller,0.7,70,49.0,0.061224489795918366,50.0,-5.0,9.204081632653061,12.592953704083774,31.0,0.0,4.469387755102041,5.7882857307393065,0.02040816326530612,0.14285714285714285,0.8367346938775511,0.37343778907995523,0.16326530612244897,0.3734377890799553,0.5918367346938775,0.08163265306122448,0.1836734693877551,0.04081632653061224,0.199914947901746
Z.Ertz,0.6518518518518519,135,88.0,0.06818181818181818,23.0,-1.0,7.3977272727272725,5.7225903883076485,21.0,-1.0,3.0113636363636362,4.416516331898576,0.011363636363636364,0.09090909090909091,0.8977272727272727,0.30474306974563625,0.03409090909090909,0.18250263020391777,0.7045454545454546,0.2840909090909091,0.011363636363636364,0.0,0.0
Z.Jones,0.6,45,27.0,0.0,19.0,-4.0,5.148148148148148,5.565717202410484,10.0,-1.0,2.8518518518518516,3.2546263368615134,0.0,0.07407407407407407,0.9259259259259259,0.26688025634181184,0.1111111111111111,0.3202563076101743,0.7037037037037037,0.2222222222222222,0.0,0.0,0.0
Z.Pascal,0.5694444444444444,72,41.0,0.12195121951219512,22.0,-4.0,9.073170731707316,7.370177215991618,22.0,0.0,5.7317073170731705,6.43826215000563,0.024390243902439025,0.1951219512195122,0.7804878048780488,0.4190581774617469,0.0975609756097561,0.3004062290283349,0.4634146341463415,0.4146341463414634,0.024390243902439025,0.0,0.0
